Workbook

Sheet Start_Here
A1: Linear hard-margin SVM: 10-row worked Excel example
A3: TEACHING SUBSET ONLY - the complete 114-row cohort and every CV training fold remain hard-margin infeasible; no ROC is calculated from these 10 rows.
A5: The formula that caused confusion
A6: Parameter vector | B6: theta = [w1, ..., w10, b]^T
A7: Signed row vector | B7: u_i = t_i [x_i1, ..., x_i10, 1]^T
A8: Row calculation | B8: u_i^T theta = t_i (w^T x_i + b) = t_i s_i
A9: Hard-margin rule | B9: u_i^T theta >= 1
A11: Important: U_i is a row vector, so it is not U_i > 1 by itself. The scalar dot product u_i^T theta must be at least 1.
A13: How +1 and -1 become one inequality
A14: Class y_i | B14: t_i | C14: Required score | D14: Signed-margin interpretation
A15: UPA | B15: +1 | C15: s_i >= +1 | D15: +1 x positive score >= 1
A16: BPA | B16: -1 | C16: s_i <= -1 | D16: -1 x negative score >= 1
A18: Workbook map
A19: Step | B19: Sheet | C19: What to inspect
A20: 1 | B20: Raw_10 | C20: The first 10 source rows: every raw x_i component, class y_i, and numeric t_i.
A21: 2 | B21: Transform_10 | C21: Natural-log transforms plus the mean and population SD used by this subset.
A22: 3 | B22: X_Standardized | C22: The standardized model vectors x_i used in the SVM formulas.
A23: 4 | B23: Theta_Derivatives | C23: Optimized w and b, objective, first derivative, and full Hessian.
A24: 5 | B24: U_Margin_Check | C24: Every u_i component, u_i^T theta, g_i, feasibility, and support-vector status.
A25: 6 | B25: Visualize | C25: Decision scores with -1, 0, +1 reference lines and signed-margin chart.
A26: 7 | B26: Full_Data_Gate | C26: Why these 10 illustrative rows do not authorize a full-data ROC.
A28: Selection and preprocessing notes
A29: - Selection rule: scan top-to-bottom, take the first five UPA and first five BPA rows, then restore source order. This equals source rows 2-11.
A30: - No selected value is missing, so median imputation is inactive in this worked example.
A31: - PAC, PRA, 18-OHF, and 18-oxoF use LN(value + 1E-6); all 10 transformed features use subset mean and population SD.
A32: - The coefficient cells are solver outputs. If raw inputs change, run the constrained optimizer again; Excel formulas alone do not re-optimize theta.

Sheet Raw_10
A1: Step 1 - Raw values for each x_i and class label
A2: Source: data/cgh_pa_dataset.xlsx, Sheet1. Selection is deterministic: first five UPA + first five BPA, restored to source order.
A4: i | B4: Source Excel row | C4: PatientID | D4: Class y_i | E4: Numeric t_i | F4: PAC | G4: PRA | H4: Potassium | I4: Tumor size | J4: 18-OHF | K4: 18-oxoF | L4: Systolic BP | M4: Diastolic BP | N4: DDD | O4: Age
A5: 1 | B5: 2 | C5: CGH-001 | D5: UPA | E5: 1 | F5: 25 | G5: 0.5 | H5: 3.34 | I5: 10.8 | J5: 1862 | K5: 116.3 | L5: 144 | M5: 120 | N5: 2 | O5: 64
A6: 2 | B6: 3 | C6: CGH-002 | D6: UPA | E6: 1 | F6: 42.6 | G6: 0.2 | H6: 3.23 | I6: 15.4 | J6: 1642 | K6: 180.1 | L6: 167 | M6: 105 | N6: 3 | O6: 45
A7: 3 | B7: 4 | C7: CGH-003 | D7: UPA | E7: 1 | F7: 57 | G7: 0.2 | H7: 3.22 | I7: 9.4 | J7: 3479 | K7: 134.7 | L7: 154 | M7: 85 | N7: 2 | O7: 21
A8: 4 | B8: 5 | C8: CGH-004 | D8: BPA | E8: -1 | F8: 37.2 | G8: 1.5 | H8: 3.36 | I8: 9.6 | J8: 371 | K8: 35.6 | L8: 165 | M8: 71 | N8: 3 | O8: 53
A9: 5 | B9: 6 | C9: CGH-005 | D9: BPA | E9: -1 | F9: 13.6 | G9: 1.62 | H9: 3.55 | I9: 7.7 | J9: 1623 | K9: 60 | L9: 115 | M9: 73 | N9: 3 | O9: 59
A10: 6 | B10: 7 | C10: CGH-006 | D10: BPA | E10: -1 | F10: 8.4 | G10: 1.03 | H10: 4.03 | I10: 25.7 | J10: 1020 | K10: 131.5 | L10: 138 | M10: 91 | N10: 3 | O10: 57
A11: 7 | B11: 8 | C11: CGH-007 | D11: BPA | E11: -1 | F11: 19.1 | G11: 0.63 | H11: 3.64 | I11: 9.5 | J11: 1160 | K11: 46.9 | L11: 122 | M11: 90 | N11: 3 | O11: 47
A12: 8 | B12: 9 | C12: CGH-008 | D12: BPA | E12: -1 | F12: 15.6 | G12: 0.87 | H12: 4.12 | I12: 15.6 | J12: 807 | K12: 53.8 | L12: 124 | M12: 90 | N12: 2 | O12: 40
A13: 9 | B13: 10 | C13: CGH-009 | D13: UPA | E13: 1 | F13: 22.5 | G13: 0.54 | H13: 3.13 | I13: 19.3 | J13: 2549 | K13: 216.1 | L13: 147 | M13: 90 | N13: 2 | O13: 53
A14: 10 | B14: 11 | C14: CGH-010 | D14: UPA | E14: 1 | F14: 19.7 | G14: 0.76 | H14: 3.73 | I14: 14.3 | J14: 586 | K14: 47.3 | L14: 123 | M14: 94 | N14: 2 | O14: 56

Sheet Transform_10
A1: Step 2 - Transform features and calculate subset statistics
A2: Formulas are live. The four hormone measurements use LN(value + 1E-6); other columns link directly to Raw_10.
A4: i | B4: PatientID | C4: LN(PAC+1E-6) | D4: LN(PRA+1E-6) | E4: Potassium | F4: Tumor size | G4: LN(18-OHF+1E-6) | H4: LN(18-oxoF+1E-6) | I4: Systolic BP | J4: Diastolic BP | K4: DDD | L4: Age
A5: ='Raw_10'!A5 | B5: ='Raw_10'!C5 | C5: =LN('Raw_10'!F5+1E-6) | D5: =LN('Raw_10'!G5+1E-6) | E5: ='Raw_10'!H5 | F5: ='Raw_10'!I5 | G5: =LN('Raw_10'!J5+1E-6) | H5: =LN('Raw_10'!K5+1E-6) | I5: ='Raw_10'!L5 | J5: ='Raw_10'!M5 | K5: ='Raw_10'!N5 | L5: ='Raw_10'!O5
A6: ='Raw_10'!A6 | B6: ='Raw_10'!C6 | C6: =LN('Raw_10'!F6+1E-6) | D6: =LN('Raw_10'!G6+1E-6) | E6: ='Raw_10'!H6 | F6: ='Raw_10'!I6 | G6: =LN('Raw_10'!J6+1E-6) | H6: =LN('Raw_10'!K6+1E-6) | I6: ='Raw_10'!L6 | J6: ='Raw_10'!M6 | K6: ='Raw_10'!N6 | L6: ='Raw_10'!O6
A7: ='Raw_10'!A7 | B7: ='Raw_10'!C7 | C7: =LN('Raw_10'!F7+1E-6) | D7: =LN('Raw_10'!G7+1E-6) | E7: ='Raw_10'!H7 | F7: ='Raw_10'!I7 | G7: =LN('Raw_10'!J7+1E-6) | H7: =LN('Raw_10'!K7+1E-6) | I7: ='Raw_10'!L7 | J7: ='Raw_10'!M7 | K7: ='Raw_10'!N7 | L7: ='Raw_10'!O7
A8: ='Raw_10'!A8 | B8: ='Raw_10'!C8 | C8: =LN('Raw_10'!F8+1E-6) | D8: =LN('Raw_10'!G8+1E-6) | E8: ='Raw_10'!H8 | F8: ='Raw_10'!I8 | G8: =LN('Raw_10'!J8+1E-6) | H8: =LN('Raw_10'!K8+1E-6) | I8: ='Raw_10'!L8 | J8: ='Raw_10'!M8 | K8: ='Raw_10'!N8 | L8: ='Raw_10'!O8
A9: ='Raw_10'!A9 | B9: ='Raw_10'!C9 | C9: =LN('Raw_10'!F9+1E-6) | D9: =LN('Raw_10'!G9+1E-6) | E9: ='Raw_10'!H9 | F9: ='Raw_10'!I9 | G9: =LN('Raw_10'!J9+1E-6) | H9: =LN('Raw_10'!K9+1E-6) | I9: ='Raw_10'!L9 | J9: ='Raw_10'!M9 | K9: ='Raw_10'!N9 | L9: ='Raw_10'!O9
A10: ='Raw_10'!A10 | B10: ='Raw_10'!C10 | C10: =LN('Raw_10'!F10+1E-6) | D10: =LN('Raw_10'!G10+1E-6) | E10: ='Raw_10'!H10 | F10: ='Raw_10'!I10 | G10: =LN('Raw_10'!J10+1E-6) | H10: =LN('Raw_10'!K10+1E-6) | I10: ='Raw_10'!L10 | J10: ='Raw_10'!M10 | K10: ='Raw_10'!N10 | L10: ='Raw_10'!O10
A11: ='Raw_10'!A11 | B11: ='Raw_10'!C11 | C11: =LN('Raw_10'!F11+1E-6) | D11: =LN('Raw_10'!G11+1E-6) | E11: ='Raw_10'!H11 | F11: ='Raw_10'!I11 | G11: =LN('Raw_10'!J11+1E-6) | H11: =LN('Raw_10'!K11+1E-6) | I11: ='Raw_10'!L11 | J11: ='Raw_10'!M11 | K11: ='Raw_10'!N11 | L11: ='Raw_10'!O11
A12: ='Raw_10'!A12 | B12: ='Raw_10'!C12 | C12: =LN('Raw_10'!F12+1E-6) | D12: =LN('Raw_10'!G12+1E-6) | E12: ='Raw_10'!H12 | F12: ='Raw_10'!I12 | G12: =LN('Raw_10'!J12+1E-6) | H12: =LN('Raw_10'!K12+1E-6) | I12: ='Raw_10'!L12 | J12: ='Raw_10'!M12 | K12: ='Raw_10'!N12 | L12: ='Raw_10'!O12
A13: ='Raw_10'!A13 | B13: ='Raw_10'!C13 | C13: =LN('Raw_10'!F13+1E-6) | D13: =LN('Raw_10'!G13+1E-6) | E13: ='Raw_10'!H13 | F13: ='Raw_10'!I13 | G13: =LN('Raw_10'!J13+1E-6) | H13: =LN('Raw_10'!K13+1E-6) | I13: ='Raw_10'!L13 | J13: ='Raw_10'!M13 | K13: ='Raw_10'!N13 | L13: ='Raw_10'!O13
A14: ='Raw_10'!A14 | B14: ='Raw_10'!C14 | C14: =LN('Raw_10'!F14+1E-6) | D14: =LN('Raw_10'!G14+1E-6) | E14: ='Raw_10'!H14 | F14: ='Raw_10'!I14 | G14: =LN('Raw_10'!J14+1E-6) | H14: =LN('Raw_10'!K14+1E-6) | I14: ='Raw_10'!L14 | J14: ='Raw_10'!M14 | K14: ='Raw_10'!N14 | L14: ='Raw_10'!O14
A16: Mean (mu_j) | C16: =AVERAGE(C5:C14) | D16: =AVERAGE(D5:D14) | E16: =AVERAGE(E5:E14) | F16: =AVERAGE(F5:F14) | G16: =AVERAGE(G5:G14) | H16: =AVERAGE(H5:H14) | I16: =AVERAGE(I5:I14) | J16: =AVERAGE(J5:J14) | ... L16: =AVERAGE(L5:L14)
A17: Population SD (sigma_j) | C17: =STDEV.P(C5:C14) | D17: =STDEV.P(D5:D14) | E17: =STDEV.P(E5:E14) | F17: =STDEV.P(F5:F14) | G17: =STDEV.P(G5:G14) | H17: =STDEV.P(H5:H14) | I17: =STDEV.P(I5:I14) | J17: =STDEV.P(J5:J14) | ... L17: =STDEV.P(L5:L14)
A18: Median (imputation reference) | C18: =MEDIAN(C5:C14) | D18: =MEDIAN(D5:D14) | E18: =MEDIAN(E5:E14) | F18: =MEDIAN(F5:F14) | G18: =MEDIAN(G5:G14) | H18: =MEDIAN(H5:H14) | I18: =MEDIAN(I5:I14) | J18: =MEDIAN(J5:J14) | ... L18: =MEDIAN(L5:L14)
A20: No values are missing in these ten rows, so the median is shown for completeness but is not substituted anywhere.

Sheet X_Standardized
A1: Step 3 - Standardized model vectors x_i
A2: Each component is x_ij = (transformed value - mu_j) / sigma_j. These x_i vectors enter the SVM.
A4: i | B4: PatientID | C4: Class y_i | D4: t_i | E4: PAC | F4: PRA | G4: Potassium | H4: Tumor size | I4: 18-OHF | J4: 18-oxoF | K4: Systolic BP | L4: Diastolic BP | M4: DDD | N4: Age
A5: ='Raw_10'!A5 | B5: ='Raw_10'!C5 | C5: ='Raw_10'!D5 | D5: ='Raw_10'!E5 | E5: =('Transform_10'!C5-'Transform_10'!C$16)/'Transform_10'!C$17 | F5: =('Transform_10'!D5-'Transform_10'!D$16)/'Transform_10'!D$17 | G5: =('Transform_10'!E5-'Transform_10'!E$16)/'Transform_10'!E$17 | H5: =('Transform_10'!F5-'Transform_10'!F$16)/'Transform_10'!F$17 | I5: =('Transform_10'!G5-'Transform_10'!G$16)/'Transform_10'!G$17 | J5: =('Transform_10'!H5-'Transform_10'!H$16)/'Transform_10'!H$17 | K5: =('Transform_10'!I5-'Transform_10'!I$16)/'Transform_10'!I$17 | L5: =('Transform_10'!J5-'Transform_10'!J$16)/'Transform_10'!J$17 | ... N5: =('Transform_10'!L5-'Transform_10'!L$16)/'Transform_10'!L$17
A6: ='Raw_10'!A6 | B6: ='Raw_10'!C6 | C6: ='Raw_10'!D6 | D6: ='Raw_10'!E6 | E6: =('Transform_10'!C6-'Transform_10'!C$16)/'Transform_10'!C$17 | F6: =('Transform_10'!D6-'Transform_10'!D$16)/'Transform_10'!D$17 | G6: =('Transform_10'!E6-'Transform_10'!E$16)/'Transform_10'!E$17 | H6: =('Transform_10'!F6-'Transform_10'!F$16)/'Transform_10'!F$17 | I6: =('Transform_10'!G6-'Transform_10'!G$16)/'Transform_10'!G$17 | J6: =('Transform_10'!H6-'Transform_10'!H$16)/'Transform_10'!H$17 | K6: =('Transform_10'!I6-'Transform_10'!I$16)/'Transform_10'!I$17 | L6: =('Transform_10'!J6-'Transform_10'!J$16)/'Transform_10'!J$17 | ... N6: =('Transform_10'!L6-'Transform_10'!L$16)/'Transform_10'!L$17
A7: ='Raw_10'!A7 | B7: ='Raw_10'!C7 | C7: ='Raw_10'!D7 | D7: ='Raw_10'!E7 | E7: =('Transform_10'!C7-'Transform_10'!C$16)/'Transform_10'!C$17 | F7: =('Transform_10'!D7-'Transform_10'!D$16)/'Transform_10'!D$17 | G7: =('Transform_10'!E7-'Transform_10'!E$16)/'Transform_10'!E$17 | H7: =('Transform_10'!F7-'Transform_10'!F$16)/'Transform_10'!F$17 | I7: =('Transform_10'!G7-'Transform_10'!G$16)/'Transform_10'!G$17 | J7: =('Transform_10'!H7-'Transform_10'!H$16)/'Transform_10'!H$17 | K7: =('Transform_10'!I7-'Transform_10'!I$16)/'Transform_10'!I$17 | L7: =('Transform_10'!J7-'Transform_10'!J$16)/'Transform_10'!J$17 | ... N7: =('Transform_10'!L7-'Transform_10'!L$16)/'Transform_10'!L$17
A8: ='Raw_10'!A8 | B8: ='Raw_10'!C8 | C8: ='Raw_10'!D8 | D8: ='Raw_10'!E8 | E8: =('Transform_10'!C8-'Transform_10'!C$16)/'Transform_10'!C$17 | F8: =('Transform_10'!D8-'Transform_10'!D$16)/'Transform_10'!D$17 | G8: =('Transform_10'!E8-'Transform_10'!E$16)/'Transform_10'!E$17 | H8: =('Transform_10'!F8-'Transform_10'!F$16)/'Transform_10'!F$17 | I8: =('Transform_10'!G8-'Transform_10'!G$16)/'Transform_10'!G$17 | J8: =('Transform_10'!H8-'Transform_10'!H$16)/'Transform_10'!H$17 | K8: =('Transform_10'!I8-'Transform_10'!I$16)/'Transform_10'!I$17 | L8: =('Transform_10'!J8-'Transform_10'!J$16)/'Transform_10'!J$17 | ... N8: =('Transform_10'!L8-'Transform_10'!L$16)/'Transform_10'!L$17
A9: ='Raw_10'!A9 | B9: ='Raw_10'!C9 | C9: ='Raw_10'!D9 | D9: ='Raw_10'!E9 | E9: =('Transform_10'!C9-'Transform_10'!C$16)/'Transform_10'!C$17 | F9: =('Transform_10'!D9-'Transform_10'!D$16)/'Transform_10'!D$17 | G9: =('Transform_10'!E9-'Transform_10'!E$16)/'Transform_10'!E$17 | H9: =('Transform_10'!F9-'Transform_10'!F$16)/'Transform_10'!F$17 | I9: =('Transform_10'!G9-'Transform_10'!G$16)/'Transform_10'!G$17 | J9: =('Transform_10'!H9-'Transform_10'!H$16)/'Transform_10'!H$17 | K9: =('Transform_10'!I9-'Transform_10'!I$16)/'Transform_10'!I$17 | L9: =('Transform_10'!J9-'Transform_10'!J$16)/'Transform_10'!J$17 | ... N9: =('Transform_10'!L9-'Transform_10'!L$16)/'Transform_10'!L$17
A10: ='Raw_10'!A10 | B10: ='Raw_10'!C10 | C10: ='Raw_10'!D10 | D10: ='Raw_10'!E10 | E10: =('Transform_10'!C10-'Transform_10'!C$16)/'Transform_10'!C$17 | F10: =('Transform_10'!D10-'Transform_10'!D$16)/'Transform_10'!D$17 | G10: =('Transform_10'!E10-'Transform_10'!E$16)/'Transform_10'!E$17 | H10: =('Transform_10'!F10-'Transform_10'!F$16)/'Transform_10'!F$17 | I10: =('Transform_10'!G10-'Transform_10'!G$16)/'Transform_10'!G$17 | J10: =('Transform_10'!H10-'Transform_10'!H$16)/'Transform_10'!H$17 | K10: =('Transform_10'!I10-'Transform_10'!I$16)/'Transform_10'!I$17 | L10: =('Transform_10'!J10-'Transform_10'!J$16)/'Transform_10'!J$17 | ... N10: =('Transform_10'!L10-'Transform_10'!L$16)/'Transform_10'!L$17
A11: ='Raw_10'!A11 | B11: ='Raw_10'!C11 | C11: ='Raw_10'!D11 | D11: ='Raw_10'!E11 | E11: =('Transform_10'!C11-'Transform_10'!C$16)/'Transform_10'!C$17 | F11: =('Transform_10'!D11-'Transform_10'!D$16)/'Transform_10'!D$17 | G11: =('Transform_10'!E11-'Transform_10'!E$16)/'Transform_10'!E$17 | H11: =('Transform_10'!F11-'Transform_10'!F$16)/'Transform_10'!F$17 | I11: =('Transform_10'!G11-'Transform_10'!G$16)/'Transform_10'!G$17 | J11: =('Transform_10'!H11-'Transform_10'!H$16)/'Transform_10'!H$17 | K11: =('Transform_10'!I11-'Transform_10'!I$16)/'Transform_10'!I$17 | L11: =('Transform_10'!J11-'Transform_10'!J$16)/'Transform_10'!J$17 | ... N11: =('Transform_10'!L11-'Transform_10'!L$16)/'Transform_10'!L$17
A12: ='Raw_10'!A12 | B12: ='Raw_10'!C12 | C12: ='Raw_10'!D12 | D12: ='Raw_10'!E12 | E12: =('Transform_10'!C12-'Transform_10'!C$16)/'Transform_10'!C$17 | F12: =('Transform_10'!D12-'Transform_10'!D$16)/'Transform_10'!D$17 | G12: =('Transform_10'!E12-'Transform_10'!E$16)/'Transform_10'!E$17 | H12: =('Transform_10'!F12-'Transform_10'!F$16)/'Transform_10'!F$17 | I12: =('Transform_10'!G12-'Transform_10'!G$16)/'Transform_10'!G$17 | J12: =('Transform_10'!H12-'Transform_10'!H$16)/'Transform_10'!H$17 | K12: =('Transform_10'!I12-'Transform_10'!I$16)/'Transform_10'!I$17 | L12: =('Transform_10'!J12-'Transform_10'!J$16)/'Transform_10'!J$17 | ... N12: =('Transform_10'!L12-'Transform_10'!L$16)/'Transform_10'!L$17
A13: ='Raw_10'!A13 | B13: ='Raw_10'!C13 | C13: ='Raw_10'!D13 | D13: ='Raw_10'!E13 | E13: =('Transform_10'!C13-'Transform_10'!C$16)/'Transform_10'!C$17 | F13: =('Transform_10'!D13-'Transform_10'!D$16)/'Transform_10'!D$17 | G13: =('Transform_10'!E13-'Transform_10'!E$16)/'Transform_10'!E$17 | H13: =('Transform_10'!F13-'Transform_10'!F$16)/'Transform_10'!F$17 | I13: =('Transform_10'!G13-'Transform_10'!G$16)/'Transform_10'!G$17 | J13: =('Transform_10'!H13-'Transform_10'!H$16)/'Transform_10'!H$17 | K13: =('Transform_10'!I13-'Transform_10'!I$16)/'Transform_10'!I$17 | L13: =('Transform_10'!J13-'Transform_10'!J$16)/'Transform_10'!J$17 | ... N13: =('Transform_10'!L13-'Transform_10'!L$16)/'Transform_10'!L$17
A14: ='Raw_10'!A14 | B14: ='Raw_10'!C14 | C14: ='Raw_10'!D14 | D14: ='Raw_10'!E14 | E14: =('Transform_10'!C14-'Transform_10'!C$16)/'Transform_10'!C$17 | F14: =('Transform_10'!D14-'Transform_10'!D$16)/'Transform_10'!D$17 | G14: =('Transform_10'!E14-'Transform_10'!E$16)/'Transform_10'!E$17 | H14: =('Transform_10'!F14-'Transform_10'!F$16)/'Transform_10'!F$17 | I14: =('Transform_10'!G14-'Transform_10'!G$16)/'Transform_10'!G$17 | J14: =('Transform_10'!H14-'Transform_10'!H$16)/'Transform_10'!H$17 | K14: =('Transform_10'!I14-'Transform_10'!I$16)/'Transform_10'!I$17 | L14: =('Transform_10'!J14-'Transform_10'!J$16)/'Transform_10'!J$17 | ... N14: =('Transform_10'!L14-'Transform_10'!L$16)/'Transform_10'!L$17
A16: Check mean | E16: =AVERAGE(E5:E14) | F16: =AVERAGE(F5:F14) | G16: =AVERAGE(G5:G14) | H16: =AVERAGE(H5:H14) | I16: =AVERAGE(I5:I14) | J16: =AVERAGE(J5:J14) | K16: =AVERAGE(K5:K14) | L16: =AVERAGE(L5:L14) | ... N16: =AVERAGE(N5:N14)
A17: Check population SD | E17: =STDEV.P(E5:E14) | F17: =STDEV.P(F5:F14) | G17: =STDEV.P(G5:G14) | H17: =STDEV.P(H5:H14) | I17: =STDEV.P(I5:I14) | J17: =STDEV.P(J5:J14) | K17: =STDEV.P(K5:K14) | L17: =STDEV.P(L5:L14) | ... N17: =STDEV.P(N5:N14)
A19: Expected checks: feature means approximately 0 and population SDs approximately 1.

Sheet Theta_Derivatives
A1: Step 4 - Values optimized in the primal, gradient, and Hessian
A2: Optimize theta = [w1,...,w10,b]^T to minimize 0.5||w||^2 subject to every u_i^T theta >= 1. Blue numbers are solver outputs; black cells are Excel formulas.
A4: Index | B4: theta component | C4: Feature / role | D4: Optimized value | E4: 0.5*w_j^2 contribution | F4: First derivative d(phi)/d(theta_j) | G4: Hessian diagonal
A5: 1 | B5: w1 | C5: PAC | D5: 0.33574906 | E5: =0.5*D5^2 | F5: =D5 | G5: 1
A6: 2 | B6: w2 | C6: PRA | D6: -0.41930141 | E6: =0.5*D6^2 | F6: =D6 | G6: 1
A7: 3 | B7: w3 | C7: Potassium | D7: -0.65084462 | E7: =0.5*D7^2 | F7: =D7 | G7: 1
A8: 4 | B8: w4 | C8: Tumor size | D8: 0.083231336 | E8: =0.5*D8^2 | F8: =D8 | G8: 1
A9: 5 | B9: w5 | C9: 18-OHF | D9: -0.098885411 | E9: =0.5*D9^2 | F9: =D9 | G9: 1
A10: 6 | B10: w6 | C10: 18-oxoF | D10: 0.15569086 | E10: =0.5*D10^2 | F10: =D10 | G10: 1
A11: 7 | B11: w7 | C11: Systolic BP | D11: -0.13231552 | E11: =0.5*D11^2 | F11: =D11 | G11: 1
A12: 8 | B12: w8 | C12: Diastolic BP | D12: 0.39293809 | E12: =0.5*D12^2 | F12: =D12 | G12: 1
A13: 9 | B13: w9 | C13: DDD | D13: -0.74573257 | E13: =0.5*D13^2 | F13: =D13 | G13: 1
A14: 10 | B14: w10 | C14: Age | D14: 0.63513243 | E14: =0.5*D14^2 | F14: =D14 | G14: 1
A15: 11 | B15: b | C15: Intercept b | D15: 0.28705097 | E15: =0 | F15: =0 | G15: 0
A18: Objective and margin summary
A19: Primal objective phi(theta) = 0.5||w||^2 | B19: =SUM(E5:E15) | C19: Minimized value
A20: ||w|| | B20: =SQRT(SUMSQ(D5:D14)) | C20: Normal-vector length
A21: Boundary-to-support distance = 1/||w|| | B21: =1/B20 | C21: One side of margin
A22: Full margin width = 2/||w|| | B22: =2/B20 | C22: Distance between score -1 and +1
A23: Intercept b | B23: =D15 | C23: Not penalized in the objective
A24: 10-row solver status | B24: Optimal and feasible | C24: Teaching subsystem only
A27: Full second-derivative matrix Q = diag(I_10, 0)
A28: d2(phi) | B28: w1 | C28: w2 | D28: w3 | E28: w4 | F28: w5 | G28: w6 | H28: w7 | I28: w8 | J28: w9 | K28: w10 | L28: b
A29: w1 | B29: 1 | C29: 0 | D29: 0 | E29: 0 | F29: 0 | G29: 0 | H29: 0 | I29: 0 | J29: 0 | K29: 0 | L29: 0
A30: w2 | B30: 0 | C30: 1 | D30: 0 | E30: 0 | F30: 0 | G30: 0 | H30: 0 | I30: 0 | J30: 0 | K30: 0 | L30: 0
A31: w3 | B31: 0 | C31: 0 | D31: 1 | E31: 0 | F31: 0 | G31: 0 | H31: 0 | I31: 0 | J31: 0 | K31: 0 | L31: 0
A32: w4 | B32: 0 | C32: 0 | D32: 0 | E32: 1 | F32: 0 | G32: 0 | H32: 0 | I32: 0 | J32: 0 | K32: 0 | L32: 0
A33: w5 | B33: 0 | C33: 0 | D33: 0 | E33: 0 | F33: 1 | G33: 0 | H33: 0 | I33: 0 | J33: 0 | K33: 0 | L33: 0
A34: w6 | B34: 0 | C34: 0 | D34: 0 | E34: 0 | F34: 0 | G34: 1 | H34: 0 | I34: 0 | J34: 0 | K34: 0 | L34: 0
A35: w7 | B35: 0 | C35: 0 | D35: 0 | E35: 0 | F35: 0 | G35: 0 | H35: 1 | I35: 0 | J35: 0 | K35: 0 | L35: 0
A36: w8 | B36: 0 | C36: 0 | D36: 0 | E36: 0 | F36: 0 | G36: 0 | H36: 0 | I36: 1 | J36: 0 | K36: 0 | L36: 0
A37: w9 | B37: 0 | C37: 0 | D37: 0 | E37: 0 | F37: 0 | G37: 0 | H37: 0 | I37: 0 | J37: 1 | K37: 0 | L37: 0
A38: w10 | B38: 0 | C38: 0 | D38: 0 | E38: 0 | F38: 0 | G38: 0 | H38: 0 | I38: 0 | J38: 0 | K38: 1 | L38: 0
A39: b | B39: 0 | C39: 0 | D39: 0 | E39: 0 | F39: 0 | G39: 0 | H39: 0 | I39: 0 | J39: 0 | K39: 0 | L39: 0
A41: The intercept row and column are zero because b is not part of 0.5||w||^2. For every affine constraint g_i=1-u_i^T theta, the entire second derivative is zero.

Sheet U_Margin_Check
A1: Step 5 - Row-by-row U theta >= 1 calculation
A2: For row i: u_i = t_i[x_i,1]. The scalar u_i^T theta equals t_i*s_i and must be >= 1. This is the correct interpretation, not 'U_i > 1'.
A3: Constraint function g_i(theta)=1-u_i^T theta must be <= 0. Its first derivative is -u_i; its second derivative is the zero matrix.
A5: i | B5: PatientID | C5: Class y_i | D5: t_i | E5: u_PAC | F5: u_PRA | G5: u_Potassium | H5: u_Tumor size | I5: u_18-OHF | J5: u_18-oxoF | K5: u_Systolic BP | L5: u_Diastolic BP | M5: u_DDD | N5: u_Age | O5: u_b=t_i | P5: Score s_i | Q5: u_i^T theta | R5: t_i*s_i | S5: Identity | T5: g_i=1-u_i^T theta | U5: Constraint | V5: Support vector | W5: Predicted t | X5: Correct?
A6: ='X_Standardized'!A5 | B6: ='X_Standardized'!B5 | C6: ='X_Standardized'!C5 | D6: ='X_Standardized'!D5 | E6: =$D6*'X_Standardized'!E5 | F6: =$D6*'X_Standardized'!F5 | G6: =$D6*'X_Standardized'!G5 | H6: =$D6*'X_Standardized'!H5 | I6: =$D6*'X_Standardized'!I5 | J6: =$D6*'X_Standardized'!J5 | K6: =$D6*'X_Standardized'!K5 | L6: =$D6*'X_Standardized'!L5 | ... N6: =$D6*'X_Standardized'!N5 | O6: =$D6 | P6: =SUMPRODUCT('X_Standardized'!E5:N5,'Theta_Derivatives'!$D$5:$D$14)+'Theta_Derivatives'!$D$15 | Q6: =SUMPRODUCT(E6:O6,'Theta_Derivatives'!$D$5:$D$15) | R6: =$D6*$P6 | S6: =IF(ABS($Q6-$R6)<=1E-8,"OK","ERROR") | T6: =1-$Q6 | U6: =IF($T6<=1E-8,"Satisfied","Violated") | V6: =IF(ABS($T6)<=1E-5,"Yes","No") | W6: =IF($P6>=0,1,-1) | X6: =IF($W6=$D6,"Correct","Wrong")
A7: ='X_Standardized'!A6 | B7: ='X_Standardized'!B6 | C7: ='X_Standardized'!C6 | D7: ='X_Standardized'!D6 | E7: =$D7*'X_Standardized'!E6 | F7: =$D7*'X_Standardized'!F6 | G7: =$D7*'X_Standardized'!G6 | H7: =$D7*'X_Standardized'!H6 | I7: =$D7*'X_Standardized'!I6 | J7: =$D7*'X_Standardized'!J6 | K7: =$D7*'X_Standardized'!K6 | L7: =$D7*'X_Standardized'!L6 | ... N7: =$D7*'X_Standardized'!N6 | O7: =$D7 | P7: =SUMPRODUCT('X_Standardized'!E6:N6,'Theta_Derivatives'!$D$5:$D$14)+'Theta_Derivatives'!$D$15 | Q7: =SUMPRODUCT(E7:O7,'Theta_Derivatives'!$D$5:$D$15) | R7: =$D7*$P7 | S7: =IF(ABS($Q7-$R7)<=1E-8,"OK","ERROR") | T7: =1-$Q7 | U7: =IF($T7<=1E-8,"Satisfied","Violated") | V7: =IF(ABS($T7)<=1E-5,"Yes","No") | W7: =IF($P7>=0,1,-1) | X7: =IF($W7=$D7,"Correct","Wrong")
A8: ='X_Standardized'!A7 | B8: ='X_Standardized'!B7 | C8: ='X_Standardized'!C7 | D8: ='X_Standardized'!D7 | E8: =$D8*'X_Standardized'!E7 | F8: =$D8*'X_Standardized'!F7 | G8: =$D8*'X_Standardized'!G7 | H8: =$D8*'X_Standardized'!H7 | I8: =$D8*'X_Standardized'!I7 | J8: =$D8*'X_Standardized'!J7 | K8: =$D8*'X_Standardized'!K7 | L8: =$D8*'X_Standardized'!L7 | ... N8: =$D8*'X_Standardized'!N7 | O8: =$D8 | P8: =SUMPRODUCT('X_Standardized'!E7:N7,'Theta_Derivatives'!$D$5:$D$14)+'Theta_Derivatives'!$D$15 | Q8: =SUMPRODUCT(E8:O8,'Theta_Derivatives'!$D$5:$D$15) | R8: =$D8*$P8 | S8: =IF(ABS($Q8-$R8)<=1E-8,"OK","ERROR") | T8: =1-$Q8 | U8: =IF($T8<=1E-8,"Satisfied","Violated") | V8: =IF(ABS($T8)<=1E-5,"Yes","No") | W8: =IF($P8>=0,1,-1) | X8: =IF($W8=$D8,"Correct","Wrong")
A9: ='X_Standardized'!A8 | B9: ='X_Standardized'!B8 | C9: ='X_Standardized'!C8 | D9: ='X_Standardized'!D8 | E9: =$D9*'X_Standardized'!E8 | F9: =$D9*'X_Standardized'!F8 | G9: =$D9*'X_Standardized'!G8 | H9: =$D9*'X_Standardized'!H8 | I9: =$D9*'X_Standardized'!I8 | J9: =$D9*'X_Standardized'!J8 | K9: =$D9*'X_Standardized'!K8 | L9: =$D9*'X_Standardized'!L8 | ... N9: =$D9*'X_Standardized'!N8 | O9: =$D9 | P9: =SUMPRODUCT('X_Standardized'!E8:N8,'Theta_Derivatives'!$D$5:$D$14)+'Theta_Derivatives'!$D$15 | Q9: =SUMPRODUCT(E9:O9,'Theta_Derivatives'!$D$5:$D$15) | R9: =$D9*$P9 | S9: =IF(ABS($Q9-$R9)<=1E-8,"OK","ERROR") | T9: =1-$Q9 | U9: =IF($T9<=1E-8,"Satisfied","Violated") | V9: =IF(ABS($T9)<=1E-5,"Yes","No") | W9: =IF($P9>=0,1,-1) | X9: =IF($W9=$D9,"Correct","Wrong")
A10: ='X_Standardized'!A9 | B10: ='X_Standardized'!B9 | C10: ='X_Standardized'!C9 | D10: ='X_Standardized'!D9 | E10: =$D10*'X_Standardized'!E9 | F10: =$D10*'X_Standardized'!F9 | G10: =$D10*'X_Standardized'!G9 | H10: =$D10*'X_Standardized'!H9 | I10: =$D10*'X_Standardized'!I9 | J10: =$D10*'X_Standardized'!J9 | K10: =$D10*'X_Standardized'!K9 | L10: =$D10*'X_Standardized'!L9 | ... N10: =$D10*'X_Standardized'!N9 | O10: =$D10 | P10: =SUMPRODUCT('X_Standardized'!E9:N9,'Theta_Derivatives'!$D$5:$D$14)+'Theta_Derivatives'!$D$15 | Q10: =SUMPRODUCT(E10:O10,'Theta_Derivatives'!$D$5:$D$15) | R10: =$D10*$P10 | S10: =IF(ABS($Q10-$R10)<=1E-8,"OK","ERROR") | T10: =1-$Q10 | U10: =IF($T10<=1E-8,"Satisfied","Violated") | V10: =IF(ABS($T10)<=1E-5,"Yes","No") | W10: =IF($P10>=0,1,-1) | X10: =IF($W10=$D10,"Correct","Wrong")
A11: ='X_Standardized'!A10 | B11: ='X_Standardized'!B10 | C11: ='X_Standardized'!C10 | D11: ='X_Standardized'!D10 | E11: =$D11*'X_Standardized'!E10 | F11: =$D11*'X_Standardized'!F10 | G11: =$D11*'X_Standardized'!G10 | H11: =$D11*'X_Standardized'!H10 | I11: =$D11*'X_Standardized'!I10 | J11: =$D11*'X_Standardized'!J10 | K11: =$D11*'X_Standardized'!K10 | L11: =$D11*'X_Standardized'!L10 | ... N11: =$D11*'X_Standardized'!N10 | O11: =$D11 | P11: =SUMPRODUCT('X_Standardized'!E10:N10,'Theta_Derivatives'!$D$5:$D$14)+'Theta_Derivatives'!$D$15 | Q11: =SUMPRODUCT(E11:O11,'Theta_Derivatives'!$D$5:$D$15) | R11: =$D11*$P11 | S11: =IF(ABS($Q11-$R11)<=1E-8,"OK","ERROR") | T11: =1-$Q11 | U11: =IF($T11<=1E-8,"Satisfied","Violated") | V11: =IF(ABS($T11)<=1E-5,"Yes","No") | W11: =IF($P11>=0,1,-1) | X11: =IF($W11=$D11,"Correct","Wrong")
A12: ='X_Standardized'!A11 | B12: ='X_Standardized'!B11 | C12: ='X_Standardized'!C11 | D12: ='X_Standardized'!D11 | E12: =$D12*'X_Standardized'!E11 | F12: =$D12*'X_Standardized'!F11 | G12: =$D12*'X_Standardized'!G11 | H12: =$D12*'X_Standardized'!H11 | I12: =$D12*'X_Standardized'!I11 | J12: =$D12*'X_Standardized'!J11 | K12: =$D12*'X_Standardized'!K11 | L12: =$D12*'X_Standardized'!L11 | ... N12: =$D12*'X_Standardized'!N11 | O12: =$D12 | P12: =SUMPRODUCT('X_Standardized'!E11:N11,'Theta_Derivatives'!$D$5:$D$14)+'Theta_Derivatives'!$D$15 | Q12: =SUMPRODUCT(E12:O12,'Theta_Derivatives'!$D$5:$D$15) | R12: =$D12*$P12 | S12: =IF(ABS($Q12-$R12)<=1E-8,"OK","ERROR") | T12: =1-$Q12 | U12: =IF($T12<=1E-8,"Satisfied","Violated") | V12: =IF(ABS($T12)<=1E-5,"Yes","No") | W12: =IF($P12>=0,1,-1) | X12: =IF($W12=$D12,"Correct","Wrong")
A13: ='X_Standardized'!A12 | B13: ='X_Standardized'!B12 | C13: ='X_Standardized'!C12 | D13: ='X_Standardized'!D12 | E13: =$D13*'X_Standardized'!E12 | F13: =$D13*'X_Standardized'!F12 | G13: =$D13*'X_Standardized'!G12 | H13: =$D13*'X_Standardized'!H12 | I13: =$D13*'X_Standardized'!I12 | J13: =$D13*'X_Standardized'!J12 | K13: =$D13*'X_Standardized'!K12 | L13: =$D13*'X_Standardized'!L12 | ... N13: =$D13*'X_Standardized'!N12 | O13: =$D13 | P13: =SUMPRODUCT('X_Standardized'!E12:N12,'Theta_Derivatives'!$D$5:$D$14)+'Theta_Derivatives'!$D$15 | Q13: =SUMPRODUCT(E13:O13,'Theta_Derivatives'!$D$5:$D$15) | R13: =$D13*$P13 | S13: =IF(ABS($Q13-$R13)<=1E-8,"OK","ERROR") | T13: =1-$Q13 | U13: =IF($T13<=1E-8,"Satisfied","Violated") | V13: =IF(ABS($T13)<=1E-5,"Yes","No") | W13: =IF($P13>=0,1,-1) | X13: =IF($W13=$D13,"Correct","Wrong")
A14: ='X_Standardized'!A13 | B14: ='X_Standardized'!B13 | C14: ='X_Standardized'!C13 | D14: ='X_Standardized'!D13 | E14: =$D14*'X_Standardized'!E13 | F14: =$D14*'X_Standardized'!F13 | G14: =$D14*'X_Standardized'!G13 | H14: =$D14*'X_Standardized'!H13 | I14: =$D14*'X_Standardized'!I13 | J14: =$D14*'X_Standardized'!J13 | K14: =$D14*'X_Standardized'!K13 | L14: =$D14*'X_Standardized'!L13 | ... N14: =$D14*'X_Standardized'!N13 | O14: =$D14 | P14: =SUMPRODUCT('X_Standardized'!E13:N13,'Theta_Derivatives'!$D$5:$D$14)+'Theta_Derivatives'!$D$15 | Q14: =SUMPRODUCT(E14:O14,'Theta_Derivatives'!$D$5:$D$15) | R14: =$D14*$P14 | S14: =IF(ABS($Q14-$R14)<=1E-8,"OK","ERROR") | T14: =1-$Q14 | U14: =IF($T14<=1E-8,"Satisfied","Violated") | V14: =IF(ABS($T14)<=1E-5,"Yes","No") | W14: =IF($P14>=0,1,-1) | X14: =IF($W14=$D14,"Correct","Wrong")
A15: ='X_Standardized'!A14 | B15: ='X_Standardized'!B14 | C15: ='X_Standardized'!C14 | D15: ='X_Standardized'!D14 | E15: =$D15*'X_Standardized'!E14 | F15: =$D15*'X_Standardized'!F14 | G15: =$D15*'X_Standardized'!G14 | H15: =$D15*'X_Standardized'!H14 | I15: =$D15*'X_Standardized'!I14 | J15: =$D15*'X_Standardized'!J14 | K15: =$D15*'X_Standardized'!K14 | L15: =$D15*'X_Standardized'!L14 | ... N15: =$D15*'X_Standardized'!N14 | O15: =$D15 | P15: =SUMPRODUCT('X_Standardized'!E14:N14,'Theta_Derivatives'!$D$5:$D$14)+'Theta_Derivatives'!$D$15 | Q15: =SUMPRODUCT(E15:O15,'Theta_Derivatives'!$D$5:$D$15) | R15: =$D15*$P15 | S15: =IF(ABS($Q15-$R15)<=1E-8,"OK","ERROR") | T15: =1-$Q15 | U15: =IF($T15<=1E-8,"Satisfied","Violated") | V15: =IF(ABS($T15)<=1E-5,"Yes","No") | W15: =IF($P15>=0,1,-1) | X15: =IF($W15=$D15,"Correct","Wrong")
A18: Constraint summary
A19: Minimum signed margin | B19: =MIN(Q6:Q15)
A20: All ten constraints satisfied? | B20: =IF(MIN(Q6:Q15)>=1-1E-8,"YES","NO")
A21: Support-vector count | B21: =COUNTIF(V6:V15,"Yes")
A22: Training accuracy (illustrative only) | B22: =COUNTIF(X6:X15,"Correct")/ROWS(X6:X15)
A24: Support vectors have u_i^T theta approximately equal to 1. Correct classification alone needs t_i*s_i > 0; hard margin is stricter and needs t_i*s_i >= 1.

Sheet Visualize
A1: Step 6 - Visualize scores, margins, and the decision boundary
A2: Raw decision scores use the -1, 0, +1 reference lines. Signed margins place both classes on the positive side and are checked against 1.
A5: i | B5: PatientID | C5: Class | D5: t_i | E5: Score s_i | F5: Signed margin | G5: Target margin | I5: UPA score | J5: Observation i | L5: BPA score | M5: Observation i | O5: Margin -1 | P5: Observation i | Q5: Boundary 0 | R5: Observation i | S5: Margin +1 | T5: Observation i
A6: ='U_Margin_Check'!A6 | B6: ='U_Margin_Check'!B6 | C6: ='U_Margin_Check'!C6 | D6: ='U_Margin_Check'!D6 | E6: ='U_Margin_Check'!P6 | F6: ='U_Margin_Check'!Q6 | G6: 1 | I6: =E6 | J6: =A6 | L6: =E9 | M6: =A9 | O6: -1 | P6: 0.5 | Q6: 0 | R6: 0.5 | S6: 1 | T6: 0.5
A7: ='U_Margin_Check'!A7 | B7: ='U_Margin_Check'!B7 | C7: ='U_Margin_Check'!C7 | D7: ='U_Margin_Check'!D7 | E7: ='U_Margin_Check'!P7 | F7: ='U_Margin_Check'!Q7 | G7: 1 | I7: =E7 | J7: =A7 | L7: =E10 | M7: =A10 | O7: -1 | P7: 10.5 | Q7: 0 | R7: 10.5 | S7: 1 | T7: 10.5
A8: ='U_Margin_Check'!A8 | B8: ='U_Margin_Check'!B8 | C8: ='U_Margin_Check'!C8 | D8: ='U_Margin_Check'!D8 | E8: ='U_Margin_Check'!P8 | F8: ='U_Margin_Check'!Q8 | G8: 1 | I8: =E8 | J8: =A8 | L8: =E11 | M8: =A11
A9: ='U_Margin_Check'!A9 | B9: ='U_Margin_Check'!B9 | C9: ='U_Margin_Check'!C9 | D9: ='U_Margin_Check'!D9 | E9: ='U_Margin_Check'!P9 | F9: ='U_Margin_Check'!Q9 | G9: 1 | I9: =E14 | J9: =A14 | L9: =E12 | M9: =A12
A10: ='U_Margin_Check'!A10 | B10: ='U_Margin_Check'!B10 | C10: ='U_Margin_Check'!C10 | D10: ='U_Margin_Check'!D10 | E10: ='U_Margin_Check'!P10 | F10: ='U_Margin_Check'!Q10 | G10: 1 | I10: =E15 | J10: =A15 | L10: =E13 | M10: =A13
A11: ='U_Margin_Check'!A11 | B11: ='U_Margin_Check'!B11 | C11: ='U_Margin_Check'!C11 | D11: ='U_Margin_Check'!D11 | E11: ='U_Margin_Check'!P11 | F11: ='U_Margin_Check'!Q11 | G11: 1
A12: ='U_Margin_Check'!A12 | B12: ='U_Margin_Check'!B12 | C12: ='U_Margin_Check'!C12 | D12: ='U_Margin_Check'!D12 | E12: ='U_Margin_Check'!P12 | F12: ='U_Margin_Check'!Q12 | G12: 1
A13: ='U_Margin_Check'!A13 | B13: ='U_Margin_Check'!B13 | C13: ='U_Margin_Check'!C13 | D13: ='U_Margin_Check'!D13 | E13: ='U_Margin_Check'!P13 | F13: ='U_Margin_Check'!Q13 | G13: 1
A14: ='U_Margin_Check'!A14 | B14: ='U_Margin_Check'!B14 | C14: ='U_Margin_Check'!C14 | D14: ='U_Margin_Check'!D14 | E14: ='U_Margin_Check'!P14 | F14: ='U_Margin_Check'!Q14 | G14: 1
A15: ='U_Margin_Check'!A15 | B15: ='U_Margin_Check'!B15 | C15: ='U_Margin_Check'!C15 | D15: ='U_Margin_Check'!D15 | E15: ='U_Margin_Check'!P15 | F15: ='U_Margin_Check'!Q15 | G15: 1
A42: Interpretation: UPA must lie at score >= +1, BPA must lie at score <= -1, and score 0 is the classifier boundary. Scores are not probabilities.

Sheet Full_Data_Gate
A1: Step 7 - Full-data feasibility gate and ROC decision
A3: The 10-row worksheet is feasible because it omits 104 constraints. Adding the remaining observations makes the full linear hard-margin system infeasible.
A5: Analysis instance | B5: Training n | C5: Held-out n | D5: Hard-margin feasible? | E5: Model fitted? | F5: ROC scores? | G5: AUROC
A6: Full cohort | B6: 114 | C6: - | D6: No | E6: No | F6: No | G6: N/A
A7: CV fold 1 | B7: 91 | C7: 23 | D7: No | E7: No | F7: No | G7: N/A
A8: CV fold 2 | B8: 91 | C8: 23 | D8: No | E8: No | F8: No | G8: N/A
A9: CV fold 3 | B9: 91 | C9: 23 | D9: No | E9: No | F9: No | G9: N/A
A10: CV fold 4 | B10: 91 | C10: 23 | D10: No | E10: No | F10: No | G10: N/A
A11: CV fold 5 | B11: 92 | C11: 22 | D11: No | E11: No | F11: No | G11: N/A
A14: ROC rule
A15: A ROC curve needs a valid fitted scoring function for every held-out observation. Because each training fold is infeasible, there are no valid out-of-fold scores. Therefore ROC, AUROC, sensitivity, and specificity are not applicable for the requested full-data linear hard-margin model. The 10-row in-sample separation is not a performance estimate.
